orderId,itemId,title,price,date
1,2,RPCs for Noobs,50,2026-05-22T19:00:50.776Z
2,2,RPCs for Noobs,50,2026-05-22T19:00:57.391Z
3,2,RPCs for Noobs,50,2026-05-22T19:01:01.089Z
4,2,RPCs for Noobs,50,2026-05-22T19:01:02.423Z
5,2,RPCs for Noobs,50,2026-05-22T19:01:06.892Z
6,3,Xen and the Art of Surviving Undergraduate School,60,2026-05-22T19:01:18.025Z
7,3,Xen and the Art of Surviving Undergraduate School,60,2026-05-22T19:01:19.484Z
8,6,Why theory classes are so hard,55,2026-05-22T19:01:25.184Z
9,6,Why theory classes are so hard,55,2026-05-22T19:01:26.404Z
10,6,Why theory classes are so hard,55,2026-05-22T19:01:28.722Z
11,6,Why theory classes are so hard,55,2026-05-22T19:01:29.555Z
12,6,Why theory classes are so hard,55,2026-05-22T19:01:30.346Z
